antecedents,consequents,antecedent support,consequent support,support,confidence,lift,representativity,leverage,conviction,zhangs_metric,jaccard,certainty,kulczynski
frozenset({'Age_31-40'}),frozenset({'Purchased_Yes'}),0.5,0.5,0.3,0.6,1.2,1.0,0.04999999999999999,1.25,0.33333333333333326,0.4285714285714286,0.19999999999999996,0.6
frozenset({'Purchased_Yes'}),frozenset({'Age_31-40'}),0.5,0.5,0.3,0.6,1.2,1.0,0.04999999999999999,1.25,0.33333333333333326,0.4285714285714286,0.19999999999999996,0.6
frozenset({'Salary_61-70k'}),frozenset({'Age_31-40'}),0.3,0.5,0.3,1.0,2.0,1.0,0.15,inf,0.7142857142857143,0.6,1.0,0.8
frozenset({'Age_31-40'}),frozenset({'Salary_61-70k'}),0.5,0.3,0.3,0.6,2.0,1.0,0.15,1.7499999999999998,1.0,0.6,0.4285714285714286,0.8
frozenset({'Country_France'}),frozenset({'Purchased_Yes'}),0.4,0.5,0.3,0.7499999999999999,1.4999999999999998,1.0,0.09999999999999998,1.9999999999999991,0.5555555555555555,0.4999999999999999,0.4999999999999998,0.6749999999999999
frozenset({'Purchased_Yes'}),frozenset({'Country_France'}),0.5,0.4,0.3,0.6,1.4999999999999998,1.0,0.09999999999999998,1.4999999999999998,0.6666666666666665,0.4999999999999999,0.33333333333333326,0.6749999999999999
